Timestamp,EAR,MAR
1757858167.4369051,1.2090388346081922,0.01456763772883935
1757858167.549413,1.238614695013791,0.008105075940824338
1757858167.590992,1.230865914599033,0.00534986850091682
1757858167.6116774,1.2464800908920484,0.004670170283472789
1757858167.642684,1.2235487467350499,0.005691516208063456
1757858167.6606767,1.2164563428563304,0.003913456902514367
1757858167.687723,1.2324831036238455,0.00830900445270444
1757858167.7094893,1.2382819162928302,0.007861240322447375
1757858167.7300248,1.2240756462456392,0.004560614101248625
1757858167.7498257,1.2198926555520493,0.005618940127516407
1757858167.8098829,1.2468340843260566,0.0038684068692198675
1757858167.8310792,1.250720053932942,0.004944089211084836
1757858167.8697608,1.2590384960766443,0.0025302105108948045
1757858167.8897734,1.2599731781460681,0.0037428651702582304
1757858167.9347937,1.2302316908066073,0.010974857907218524
1757858167.9537933,1.2395509884269917,0.011391500181766056
1757858167.9995317,1.2307924893242577,0.0055652390962829335
1757858168.0339863,1.2411799977213485,0.0034279973443461305
1757858168.0764635,1.254090727637908,0.009329114416908885
1757858168.1024876,1.2495893822872697,0.007525506543775756
1757858168.1324844,1.255796033066051,0.004823535622212947
1757858168.1574764,1.2488759022880438,0.003412063722586001
1757858168.204121,1.2831726861889368,0.010794544688864222
1757858168.2222319,1.2811870160640944,0.00802939976271393
1757858168.277239,1.2806342463519997,0.008261130635452519
1757858168.3000927,1.287175186461711,0.0036426163516673615
1757858168.346115,1.2752892502220843,0.006858426188975996
1757858168.3707187,1.273604490817435,0.006053250969670015
1757858168.4002771,1.2960994425026304,0.008156526020576484
1757858168.4201865,1.287558574919613,0.009647065225041341
1757858168.4646204,1.2879289878301685,0.003109935161987308
1757858168.4926462,1.278874291430982,0.00451467654241455
1757858168.5266695,1.2806233930425204,0.00944513130001118
1757858168.5495777,1.2759351962561358,0.01101942081258194
1757858168.6070886,1.2147879611237147,0.00480433227086131
1757858168.6311128,1.2158593089470904,0.0051104851786365
1757858168.6711285,1.1874608330711802,0.007535216412211233
1757858168.6911488,1.181417253064645,0.009694410841757527
1757858168.7330756,1.174402724039063,0.012320557531730643
1757858168.7573855,1.1800907608530675,0.007233804790378055
1757858168.79796,1.1988877667755453,0.006089238269864275
1757858168.817952,1.1873537528587212,0.005914316792209923
1757858168.8589509,1.165726099404801,0.012855149603573876
1757858168.8799627,1.1451861899726024,0.011803372801554697
1757858168.9395704,1.168397815141572,0.03648283780185389
1757858168.9586182,1.1702183665975343,0.007946602317345501
1757858169.0055926,1.186807996239461,0.008765881031489701
1757858169.0279703,1.1977926905865588,0.0068603738268611094
1757858169.07201,1.1866120540448355,0.009224332977199764
1757858169.0880773,1.1964526763088053,0.008076273039902918
1757858169.13503,1.1904166897643367,0.010599759513293996
1757858169.1532812,1.1745054649228144,0.00597546118107394
1757858169.1945782,1.2053515307090272,0.004874259244302685
1757858169.2112281,1.2006137259092862,0.006665361998269682
1757858169.2547328,1.2020031795333355,0.03885150063782849
1757858169.2778273,1.2103712148914247,0.011277078819226748
1757858169.3400087,1.2137184310306934,0.011557035787665341
1757858169.3601086,1.2178567156299782,0.012327674088174739
1757858169.403738,1.2031779201268544,0.008459242209793962
1757858169.4247317,1.2094566711349564,0.011246075788088762
1757858169.4701,1.2017048678284543,0.0123340470002131
1757858169.4913251,1.208810758772231,0.009526866293583293
1757858169.533135,1.0454276567274288,0.038517314346790156
1757858169.5520258,1.0467260970684062,0.01749279240496851
1757858169.5983496,1.0605856386317853,0.0039656697865295765
1757858169.6160462,1.051428831167653,0.005155197222908677
1757858169.6614308,1.0673818237608421,0.007702410854548939
1757858169.6815765,1.040248891270772,0.007678240250997128
1757858169.7413616,1.1315961835020243,0.009479734278974724
1757858169.76453,1.1295292424304402,0.008210781725873707
1757858169.8067515,1.1461807553995298,0.009098703114134056
1757858169.8268282,1.1462041367498363,0.009413974269411911
1757858169.8727524,1.1561119807611897,0.005709961377482941
1757858169.8922145,1.1611225745452902,0.008307113442976423
1757858169.936797,1.170759072274582,0.015608373439710003
1757858169.9567127,1.1608388787236827,0.014196016330664763
1757858170.0018127,1.1832851663487551,0.010873788954519693
1757858170.020764,1.1889418049745684,0.010924688100547678
1757858170.0607648,1.2043885894207869,0.05527362449619768
1757858170.0794117,1.18220733316481,0.06773895632845446
1757858170.1432192,1.2144928030558328,0.005942343428545547
1757858170.16061,1.211772222218996,0.006443809436050183
1757858170.2075188,1.207477468337353,0.007509909416810808
1757858170.2268028,1.1977159624179055,0.00786923272204313
1757858170.2760386,1.1793820505575816,0.010175519913461446
1757858170.3000863,1.1943557439249182,0.008885028504075194
1757858170.328382,1.197307349025464,0.012178382476391771
1757858170.343664,1.1907397776489352,0.01131021702619228
1757858170.3938427,1.1765210401839234,0.008037741945781121
1757858170.4098716,1.186432506701998,0.009720509866967573
1757858170.4620113,1.1858595252169182,0.010321741383166102
1757858170.4835932,1.1738694931963733,0.013422029021418001
1757858170.5402067,1.1738685293939846,0.006160929576985272
1757858170.563185,1.1780569947395134,0.009485055475937192
1757858170.6047404,1.1545371356603815,0.024634949390632207
1757858170.6243207,1.1773583352210581,0.011327587793343847
1757858170.670733,1.1537114632687782,0.007658784015144357
1757858170.6867208,1.1540026441913016,0.00615809552308079
1757858170.7327814,1.1521699873060376,0.005728280153408262
1757858170.7537842,1.17045941520922,0.004921023894372035
1757858170.7967072,1.1753232829983569,0.0078089611074923845
1757858170.8148944,1.1679451380089043,0.008015635090740027
1757858170.8802207,1.1565865025170334,0.004565412223608773
1757858170.911563,1.1592127509812449,0.003413609413474554
1757858170.9383752,1.1922268737238646,0.006604512799449144
1757858170.9541554,1.2082547614641894,0.00675615733812369
1757858171.0097265,1.1480366443518752,0.005650321754547844
1757858171.0263155,1.1815277742597952,0.004378365130047529
1757858171.0654626,1.1177895845100494,0.007777031307062487
1757858171.0844839,1.12648217290601,0.0029804132895253762
1757858171.1347349,1.149884103105022,0.005843183832737114
1757858171.1524634,1.159559172238254,0.007312793376749046
1757858171.1947165,1.144346156753571,0.00975991092155083
1757858171.213682,1.1362966335750544,0.006981900910577216
1757858171.278433,1.1559925140253529,0.005956781895291456
1757858171.296973,1.1592969575332157,0.006057870271466139
1757858171.3180408,1.1521579688802015,0.005841727806182705
1757858171.3410318,1.1247847737344157,0.006892854542564838
1757858171.4050872,1.1777129390699264,0.04982718636589109
1757858171.424056,1.1830946284649277,0.04889782890109645
1757858171.4716337,1.1589416341058014,0.007805255840853678
1757858171.494791,1.16590157649246,0.0087850393227323
1757858171.5422695,1.1569966284294055,0.010714336739514474
1757858171.5581236,1.1527248896194302,0.018014450720695747
1757858171.5987864,1.1502672215384018,0.007518591465010473
1757858171.6181178,1.1461691860688292,0.007815708267975828
1757858171.6761217,1.1390442414986672,0.015535729603166563
1757858171.696461,1.1343867077550471,0.009590254372707557
1757858171.7151434,1.135479541696073,0.03824331041228454
1757858171.738146,1.1583705084854188,0.01535389188281971
1757858171.804991,1.1097637533389175,0.06374702254337594
1757858171.8220017,1.1186764636407343,0.05292354755234581
1757858171.869044,1.1788150315376829,0.13247502565860192
1757858171.8880496,1.1565999974436991,0.19225933147865243
1757858171.9341848,1.1831343514179986,0.24961348462160565
1757858171.9520779,1.1610594898577027,0.2709665206097889
1757858171.995186,1.1381374565248559,0.4416815230584431
1757858172.0147126,1.1286034195480734,0.43952507389372986
1757858172.0782306,1.1997916573951461,0.4190534198848661
1757858172.098848,1.1799598324295633,0.4198407898505205
1757858172.117861,1.176202095033314,0.4032145078610272
1757858172.1438658,1.14929646715609,0.3893193470535106
1757858172.2087748,1.1840303531073086,0.49083159925105785
1757858172.2251594,1.171433896950634,0.4709188209090323
1757858172.2705142,1.165522462614168,0.4678834246710002
1757858172.2875392,1.180447539204418,0.4487249643140319
1757858172.3350892,1.1814842350843706,0.43124299960675017
1757858172.3521714,1.1705202506073116,0.4330029021011904
1757858172.3955724,1.1251075596746585,0.4512392350338117
1757858172.4172497,1.1418478220137895,0.4663938745420953
1757858172.478262,1.1185465962057073,0.5298073306056178
1757858172.4999142,1.121584125107455,0.5345373327022107
1757858172.5222418,1.1257064279215099,0.5399616412649038
1757858172.5392294,1.1584836927926434,0.5190407947995439
1757858172.6009939,1.1357516968959902,0.5426261968811085
1757858172.6209915,1.1430404243011956,0.5513585844184649
1757858172.6650352,1.1549108484288149,0.5673172831907584
1757858172.6872191,1.149020409749374,0.5633563935871334
1757858172.7317438,1.143174895812513,0.6146325432316355
1757858172.7507427,1.1374881188261012,0.5814319136133771
1757858172.7978551,1.1545232132027548,0.6470594160540599
1757858172.8195376,1.154620122411562,0.61121235513013
1757858172.8725252,1.1254737610491408,0.6142137676337692
1757858172.8948467,1.1077334272022297,0.5644469064853701
1757858172.9141614,1.1154347711257913,0.5751723892168715
1757858172.936167,1.1370283981528904,0.6256576047169581
1757858173.003808,1.1681528032252935,0.6064054397624301
1757858173.0214543,1.1646061443099116,0.6009045633734444
1757858173.067373,1.2100168208422806,0.6962634437631784
1757858173.1001697,1.1909994115117657,0.6664294340716436
1757858173.1402726,1.164199538898524,0.5816338127847852
1757858173.1573884,1.1870567865550241,0.5876371092153312
1757858173.2072797,1.1822012115627518,0.5890203634080232
1757858173.2241764,1.1568813578567325,0.5841585561070197
1757858173.2420647,1.1549459507288868,0.596014605357168
1757858173.2736845,1.2251541541277005,0.6592471128483814
1757858173.2886922,1.207908492668058,0.6517893162994438
1757858173.3375187,1.1140058417675456,0.6967478207546758
1757858173.4013658,1.104516954707521,0.7252793952548692
1757858173.4204292,1.131027369162072,0.74417244724878
1757858173.4723024,1.2473954560755858,0.7127844825189131
1757858173.4976866,1.213119107775045,0.7340981547616791
1757858173.5359554,1.2359344106709218,0.8016088280098396
1757858173.5534244,1.2486487529033867,0.8326753537054923
1757858173.6090248,1.2197776954675974,0.7644745255333103
1757858173.9390485,1.2107194113141637,0.859007962547883
1757858174.2755532,1.2635345016829356,0.8299100981316603
1757858174.6029987,1.2550884974984922,0.9417659957370971
1757858174.931203,1.2042042698884199,0.804357667005742
1757858175.2676234,1.2229862722298497,0.8901538933882369
1757858175.5889049,1.2486619499040557,1.03769231887522
1757858175.924683,1.207230930651444,1.1674924290270061
1757858176.2633061,1.410810449035703,1.1105091085640184
1757858176.6011004,1.3282553014439902,1.0354405409389584
1757858176.931106,1.053907992375846,0.9411206216590049
1757858177.261881,1.1346341954275747,0.40934066610968395
1757858177.2903438,1.1755566001874365,0.3377642167313755
1757858177.3073785,1.1837629965316292,0.3543113532100074
1757858177.3342445,1.1392594763766617,0.294547320552
1757858177.3971288,1.1957919895652294,0.28811839698945335
1757858177.4205072,1.193716013614904,0.29044012664089097
1757858177.482091,1.2133052393745853,0.2668942115760024
1757858177.502039,1.2304112271236782,0.2555445946913323
1757858177.5170681,1.2279960494071378,0.24774767402886586
1757858177.5478494,1.2165920223805258,0.18572149774312033
1757858177.565912,1.215086882842691,0.1362386210083813
1757858177.6101887,1.2170170029224856,0.17437365542821928
1757858177.635723,1.2195969592714988,0.1699981559884404
1757858177.6700325,1.2295362775789256,0.1189781032116264
1757858177.6851547,1.2424178966584223,0.14416630756787893
1757858177.747831,1.278498051604754,0.084353673084816
1757858177.802832,1.2220672667804497,0.05313281848286066
1757858177.8191116,1.227272201825395,0.05093154535213288
1757858177.8763385,1.2687297166992333,0.015185485218730616
1757858177.8998652,1.2542384331780316,0.012545167745037973
1757858177.9145153,1.253800579827161,0.013808809505804827
1757858177.9437299,1.2541659198256911,0.012010642997382494
1757858177.9713602,1.2481599283653337,0.010439241477506786
1757858178.0094576,1.2169222851790629,0.008967692940958286
1757858178.0279918,1.2226680762586413,0.005272164028320387
1757858178.0729887,1.245908644777216,0.007450769392126666
1757858178.0947506,1.239914134970649,0.007771947997373569
1757858178.133597,1.0340398420166736,0.0063438784404623175
1757858178.19979,1.0079581952743146,0.006605613961854793
1757858178.2205558,0.9973462575487282,0.006216005165995736
1757858178.2907634,1.0074413003637024,0.005013756966862074
1757858178.3130243,0.9959098681541907,0.004112312823053245
1757858178.341141,0.9955717916599807,0.0040859493343639
1757858178.3605044,0.9823046555677055,0.0026043620022455187
1757858178.394613,0.9915430978211266,0.0025456296534763214
1757858178.4142015,1.0184874435825897,0.006837054607930802
1757858178.4342046,1.0210503981302261,0.008802890150376722
1757858178.4672,1.0443868313391,0.0040389650907142844
1757858178.4871964,1.0530530468728185,0.004636824513893719
1757858178.5446377,1.0174680749186644,0.0058396259991417175
1757858178.6001906,1.0164467646207922,0.012294181852068204
1757858178.6217885,1.018726192389634,0.010890623420621217
1757858178.6818268,1.0245086020221796,0.009788465522710028
1757858178.7065225,1.0197846952365528,0.010592012619161845
1757858178.7262468,1.0171469377163505,0.012271340391567862
1757858178.7442052,1.016912046610011,0.003342294681619152
1757858178.7582154,1.0121154488959263,0.0017756837425756504
1757858178.8107984,1.0406941296728203,0.006138485425577456
1757858178.8343763,1.0362526409941044,0.007513404324156485
1757858178.8744776,1.0423188582920937,0.0037795782470271618
1757858178.8979454,1.0461917756351315,0.005224297089454408
1757858178.942234,1.0525509096350887,0.0075525391321925725
1757858179.0160139,1.0383879576062693,0.010326255521749478
1757858179.0329657,1.044878653539077,0.006254766647822256
1757858179.0987108,1.0454766703952618,0.010471253747680317
1757858179.1342762,1.0409473353942733,0.007556291947005143
1757858179.1655593,1.0363757076745457,0.007831496592896022
1757858179.1819484,1.0360072093230013,0.01450522057771667
1757858179.2165163,1.0425244926521426,0.008104143593969921
1757858179.240518,1.0649566314272911,0.01073201038106125
1757858179.2563686,1.0526747013820392,0.010486465936411216
1757858179.2853694,1.0923491594226342,0.015770260917744746
1757858179.2986655,1.0738395853855818,0.025547625332041503
1757858179.3326635,1.0593638668610534,0.011062281410229122
1757858179.4142485,1.0947959590808938,0.011629352396010385
1757858179.4429247,1.0930620996569433,0.010403600751213323
1757858179.461377,1.0987349369747106,0.010340369649651673
1757858179.487859,1.1205699687434088,0.010486011568945575
1757858179.5073767,1.1039419055189605,0.011982668844644224
1757858179.5412076,1.09360246440645,0.011040316375036639
1757858179.5552988,1.0813765336116967,0.009741989437053938
1757858179.6094,1.1499540034410298,0.009712244343120279
1757858179.6292365,1.137777310581128,0.01115350706592932
1757858179.6796975,1.0774719203905563,0.014460837444812434
1757858179.699514,1.08088234399771,0.015823401987082788
1757858179.7403858,1.1012971593315868,0.05852285248507143
1757858179.8261878,1.1175296261021535,0.00981878680271137
1757858179.84673,1.1053804783051588,0.007107495763443953
1757858179.8676035,1.0998334697191803,0.011271057300579214
1757858179.8890057,1.11768573275735,0.009525771168190235
1757858179.9057677,1.155045537849453,0.00821176793118658
1757858179.946371,1.1583213268147645,0.012585164508125803
1757858179.9655855,1.120724303390147,0.012006186734276237
1757858180.020016,1.1442185332611157,0.00893018462372386
1757858180.0380423,1.1666317465900136,0.007007464601427511
1757858180.0750318,1.101458613860757,0.011235827660616348
1757858180.1022701,1.1060232992259573,0.010704484456940817
1757858180.1328628,1.1160509521501578,0.007936659415366327
1757858180.2158277,1.131730107006069,0.007625704179830785
1757858180.2314625,1.1370707126141517,0.009265631121479906
1757858180.2731295,1.1384430815812734,0.009176459951235382
1757858180.2966404,1.1174329280470796,0.00956496227815942
1757858180.3150613,1.1044705468368021,0.008718361371214609
1757858180.3508968,1.1240088000808661,0.008891654306805342
1757858180.3643866,1.1475950493110592,0.010348434961348709
1757858180.4106953,1.1206091011208388,0.007198760049180348
1757858180.4296973,1.1077181828641747,0.009056629810908096
1757858180.4687095,1.0959960718300528,0.007760310421829353
1757858180.4812522,1.08449030916002,0.02670996106517331
1757858180.5364177,1.0316184330604843,0.01705666206420068
1757858180.626734,1.053861678771459,0.011491110663599174
1757858180.644868,1.0553956038506946,0.011113364485755898
1757858180.660911,1.0577967642876085,0.010965551254482576
1757858180.6774414,1.0646467201211722,0.005288266592289864
1757858180.6957302,1.0608511472657542,0.004708548108498319
1757858180.7417314,1.0780238180828083,0.015552078876179194
1757858180.766738,1.09978227378551,0.007655224160702303
1757858180.8042533,1.066792294907792,0.011197933981494724
1757858180.8385463,1.0743435025219141,0.008858131054950744
1757858180.8740003,1.0566292808467923,0.009795410235983407
1757858180.9030757,1.059440418996639,0.010330291609605698
1757858180.9528768,1.0427867558330772,0.03991660535967175
1757858181.0169313,1.0499422478276994,0.022629364877761654
1757858181.0420141,1.0535733528984534,0.011888346701406026
1757858181.0618157,1.0484030317615716,0.013065024320688587
1757858181.0800817,1.0688639896445487,0.00841466166796762
1757858181.1044369,1.0652363690220414,0.008097914919763208
1757858181.1478553,1.0542347975659903,0.03145100290429806
1757858181.1650653,1.0555044740456045,0.017484588553994308
1757858181.2184796,1.048849412255201,0.013111359254548665
1757858181.2358663,1.0488672617683017,0.00984376121563708
1757858181.2668662,1.0510646351727222,0.01328954812454767
1757858181.2813673,1.0559646303534111,0.013691713921009133
1757858181.3630254,1.049895715945005,0.015607069266600892
1757858181.3897843,1.0494913722249004,0.02209794628682526
1757858181.426347,1.0569457089663379,0.010916236872137506
1757858181.4466205,1.050576312881124,0.013996215698623016
1757858181.4822571,1.031446086838558,0.06654543094545555
1757858181.5022774,1.0213685753316206,0.03251638879870714
1757858181.543536,1.0394760116305362,0.017784691388514344
1757858181.5665007,1.0398458600179739,0.027313996741908445
1757858181.604658,1.0468183327299958,0.03689760486805459
1757858181.6281729,1.0398264629775993,0.04323646918874554
1757858181.6721988,1.0572540285043082,0.0519544999628646
1757858181.6944153,1.05790528615139,0.045422861253832186
1757858181.75518,1.0575492552505013,0.02732554863636796
1757858181.776341,1.0503420267919124,0.02760941978899131
1757858181.8159227,1.0584396116891934,0.04666064097220289
1757858181.8331645,1.0739823393785632,0.03720720957946505
1757858181.876916,1.085091661897259,0.017559707952580543
1757858181.8939161,1.08351040658584,0.015589976554228193
1757858181.9579742,1.053086405149304,0.01018754817939793
1757858181.9872072,1.0506781015160835,0.010337343863611622
1757858182.0161848,1.095651644558107,0.01399072651213908
1757858182.0407195,1.09102301977344,0.014339797488033518
1757858182.073243,1.0537747505068322,0.05182675135523603
1757858182.0952396,1.0577907232660972,0.045586588835687995
1757858182.1488335,1.110532577870225,0.03760306116920741
1757858182.1623974,1.102168096143207,0.03511354839211426
1757858182.2136123,1.0888319135890878,0.009974983821011918
1757858182.2459888,1.0958176100492496,0.010923188479963652
1757858182.2909832,1.165927901829526,0.015102761591502459
1757858182.317948,1.159191812083193,0.014827532736039964
1757858182.344312,1.1144833658702984,0.011535829061416031
1757858182.3630815,1.1067997505578944,0.013473630467304522
1757858182.4115803,1.1333157812622086,0.02292841818360024
1757858182.4315064,1.1333348277487683,0.019298593032458886
1757858182.4699056,1.1669004257986888,0.023520330778518887
1757858182.488877,1.1583503556586217,0.022493855717849957
1757858182.558781,1.1406153689620022,0.022547111027372228
1757858182.5799663,1.141106604729888,0.015287808114262214
1757858182.6200316,1.1013285044514953,0.00947495172727247
1757858182.6485422,1.0921827121773156,0.013667302703483373
1757858182.6856458,1.1101217718642584,0.012134735944532541
1757858182.7049885,1.111768578451152,0.013465714911227333
1757858182.7424612,1.0696337631454322,0.028488665382198786
1757858182.7693105,1.0777701388256185,0.051133554146009334
1757858182.8043756,1.0929201392351862,0.027843420471010592
1757858182.8193386,1.0918845512774813,0.03248085204773973
1757858182.8770242,1.0680900587511446,0.011852250664473919
1757858182.8959708,1.0599823772713293,0.010580528931785111
1757858182.959836,1.0619694211712216,0.019129859562848708
1757858182.9781857,1.065867940940307,0.034746245821597466
1757858183.013189,1.0547698148790765,0.016574852737846417
1757858183.0312715,1.0608458531716023,0.013668443371181054
1757858183.0870745,1.0353648737212169,0.012631475446717994
1757858183.1086226,1.0356203855661157,0.0136387657503739
1757858183.1461592,1.0228218887173948,0.013828494963026355
1757858183.1795807,1.033498061361331,0.012858597662046002
1757858183.2100854,1.0557621006906102,0.009863069250051489
1757858183.230856,1.039442508560961,0.010116637616854723
1757858183.2855668,1.04842915035564,0.015170039604761494
1757858183.3126743,1.0560149262490464,0.016163574657538506
1757858183.3532603,1.0591835841938062,0.01799568214422037
1757858183.380707,1.0583829153077497,0.015266695530000615
1757858183.4335983,1.0650927833804176,0.010876738294889906
1757858183.4519305,1.0491953428493936,0.011238187390524798
1757858183.4808083,1.0405201655502498,0.009307699300356324
1757858183.497835,1.0439361300080607,0.008895157884080249
1757858183.5458937,1.043179119571175,0.011070201674300997
1757858183.5608926,1.0587022041252423,0.01126665575689269
1757858183.6074426,1.0649905291397561,0.009290168996610055
1757858183.6264431,1.0467870638009231,0.01251577693930846
1757858183.6905768,1.0469676336034865,0.009882118319056651
1757858183.7110271,1.0380204814756486,0.008398964228714835
1757858183.7549925,1.0572832105810561,0.013526210829275454
1757858183.7753627,1.0562195327722683,0.012621265164134123
1757858183.8220332,1.0419054027268289,0.03683565577459054
1757858183.840032,1.03295144174499,0.050874575238909515
1757858183.8820846,1.0599931365840518,0.009176469058551769
1757858183.900818,1.0673358531119717,0.010004376494273586
1757858183.9441364,1.0413461674581375,0.012822790755343373
1757858183.9637887,1.0441235226224035,0.011512153859936283
1757858184.0117779,1.0527907671607843,0.008467915391914757
1757858184.029776,1.0486620501716843,0.008909180994127054
1757858184.089385,1.0587188298563055,0.032671622118935435
1757858184.107123,1.0619988439823866,0.022552524341513315
1757858184.1571422,1.068580279272115,0.026167449965449105
1757858184.174825,1.0462807688413829,0.013536582973536292
1757858184.2214425,1.0421324893211281,0.015630745519956673
1757858184.2404318,1.0391170531764924,0.010630162578356965
1757858184.2877126,1.03676015000445,0.03734638173024876
1757858184.3077447,1.0427551125852212,0.018936206907174038
1757858184.3550224,1.0460155229281,0.01199317330660013
1757858184.3764591,1.0448193684813851,0.011458856740298324
1757858184.4070754,1.0429868906887023,0.010608560063869978
1757858184.4360726,1.0447100293440768,0.011948592911970354
1757858184.4927444,1.0423257449711218,0.039228607775977545
1757858184.5137117,1.0378673787613564,0.0370285983049639
1757858184.5598443,1.0322523148548644,0.010189901603284892
1757858184.576275,1.0296959727502777,0.007271404195030536
1757858184.6125283,1.0404610062617041,0.010137342785298003
1757858184.6282036,1.0343569424070798,0.012279995911838934
1757858184.682146,1.045874079449262,0.00931117193911851
1757858184.6972594,1.0460367655141671,0.0116143455215164
1757858184.7496948,1.0430278313250825,0.01060685317478473
1757858184.7837014,1.0510158371041718,0.00943640353657004
1757858184.8187013,1.064080042495882,0.008334111108266073
1757858184.8367064,1.0427523597577044,0.011696947173559978
1757858184.9022322,1.0441927649423124,0.011024914316071178
1757858184.9337184,1.05118821682573,0.010675597732789949
1757858184.9638138,1.0468820059178088,0.017384588452795734
1757858184.9846003,1.0663834000483554,0.009627450108570374
1757858185.0184188,1.0367103346463629,0.008274097412146424
1757858185.0426402,1.044138164024186,0.009402590640107478
1757858185.076938,1.0544921383674954,0.029294989308308164
1757858185.0980403,1.0503628831346454,0.03581253360453335
1757858185.1488774,1.0538648842606066,0.009471718124631006
1757858185.1676002,1.0571938551383808,0.010575879022341205
1757858185.2252393,1.077640504995443,0.02983598612377479
1757858185.2413213,1.0816729261516647,0.01718175075069915
1757858185.2923698,1.1111130141102832,0.012578363859289253
1757858185.3157284,1.093344192862582,0.015840583142561915
1757858185.3633463,1.078986444632692,0.00868890065465151
1757858185.3793485,1.0701379050214446,0.01692752328096499
1757858185.4246254,1.0487243292582362,0.011108323202155426
1757858185.445358,1.05453622477439,0.01065681910099366
1757858185.4853537,1.068817382559705,0.009008302325969445
1757858185.5052202,1.069292153656614,0.010196504258849074
1757858185.550255,1.0547172333917423,0.01576210178248315
1757858185.5712972,1.0516275330573728,0.014487054794671293
1757858185.6279144,1.0584867213279026,0.046092383820758476
1757858185.647903,1.0568314812682646,0.03139227597318573
1757858185.6920488,1.0660483297288028,0.011757301318849197
1757858185.7105515,1.06006468355248,0.009746137342579763
1757858185.7601595,1.0746857782552854,0.014944460293215386
1757858185.775278,1.0810416024537408,0.01254902792065162
1757858185.8180525,1.0666909658508723,0.017940421295219944
1757858185.835874,1.0609684110515458,0.01619334213687317
1757858185.8866634,1.0434984899559312,0.028551169540820317
1757858185.907255,1.0439460179505997,0.03135904221969447
1757858185.95221,1.0568994606987885,0.027655143250827352
1757858185.972653,1.0532779709596838,0.014399324552682604
1757858186.0285635,1.0474142230285817,0.015274309667486273
1757858186.045829,1.0404361277415717,0.01663159703881803
1757858186.0941215,1.0650608081726434,0.015110729895580486
1757858186.1116724,1.0640320760135813,0.011503979070610654
1757858186.1556256,1.0538122288902398,0.06309920966180121
1757858186.1736782,1.0532571351230349,0.06339084645564061
1757858186.2154536,1.0456006716924056,0.021591735572054405
1757858186.2324607,1.0526372542641536,0.020734040771574053
1757858186.2882385,1.0736457232564334,0.021706790347598592
1757858186.3147452,1.0677029848204933,0.030502704820823255
1757858186.3507507,1.065275210880218,0.013152120664166404
1757858186.3837535,1.06523469123044,0.012459901251933988
1757858186.425928,1.0514453830639678,0.009059898060393517
1757858186.4559312,1.0361888681954448,0.008763992727621801
1757858186.4914386,1.0797828251562054,0.014082001746442804
1757858186.509629,1.081715622604661,0.014696311720260613
1757858186.5567288,1.064721523463465,0.007524687677523328
1757858186.5760992,1.0727340397430858,0.010978935912328206
1757858186.62265,1.0799797090817709,0.04628829015193084
1757858186.6416466,1.0702011190302199,0.04670909265942744
1757858186.681656,1.0592557300628802,0.013802717678562072
1757858186.7007582,1.054827929460168,0.01413673312407954
1757858186.7471664,1.0522556464871755,0.028385707835494257
1757858186.7657518,1.0556432899231105,0.01884379449647819
1757858186.829876,1.0694582440910745,0.012968279783991364
1757858186.8473024,1.0557243475591234,0.02519401570700295
1757858186.894428,1.0603315612367072,0.018818173622136978
1757858186.9153738,1.063934005217256,0.02401571570410009
1757858186.9599836,1.0747309716858382,0.026624889937075152
1757858186.9790297,1.0682590806578667,0.014837119925565447
1757858187.0169609,1.0496366633019731,0.013094334406656551
1757858187.0390198,1.0447188557054652,0.014916170885485759
1757858187.0854392,1.053444886332414,0.01370678228529203
1757858187.105507,1.0429003744485796,0.04094258185777811
1757858187.164222,1.0292557884725562,0.021065165510470614
1757858187.1839244,1.0259815367904788,0.020716688316880668
1757858187.2287047,1.0797760984979585,0.014056736328959664
1757858187.2505524,1.07093140082854,0.031641554823051074
1757858187.2943687,1.0502973849309876,0.012821869650851348
1757858187.3107736,1.0530519325311563,0.03342935027933735
1757858187.3570957,1.0920771279706503,0.019388282871165303
1757858187.380087,1.087463270230995,0.020085151078904368
1757858187.4227743,1.0503383928768806,0.011217040947388698
1757858187.440774,1.0452744807640428,0.010117561663406398
1757858187.484502,1.0672954265596766,0.0123345580175115
1757858187.5030365,1.0719169947053593,0.011067124693511756
1757858187.5628507,1.0493230788597485,0.013736315672179632
1757858187.584086,1.0492395306251543,0.012606010918575578
1757858187.6305494,1.0655440013104074,0.011297593409733252
1757858187.6505454,1.0694381062604155,0.011720084062616232
1757858187.6955132,1.0518591213558395,0.011501360264206818
1757858187.7138212,1.0500103706909396,0.02347551511338211
1757858187.7582786,1.0615742089034481,0.014578749166178802
1757858187.780614,1.0607394030024053,0.02765047763309988
1757858187.8229976,1.0364098006007763,0.021680191640329992
1757858187.848503,1.0410897161401624,0.013510369744432447
1757858187.8854847,1.0321059071394711,0.008338724168990562
1757858187.9104853,1.0378000691193159,0.007357715501146674
1757858187.964838,1.0663042709575556,0.01341959534934782
1757858187.9828398,1.0619879465843995,0.014978237425966937
1757858188.0303369,1.0374408704285187,0.01603322728491849
1757858188.0513341,1.0302019391175827,0.011125390790083688
1757858188.0951977,1.0482555189296368,0.02277957552871876
1757858188.117415,1.04712691643611,0.014214764600672627
1757858188.1571293,1.0467716869350392,0.026942383593401283
1757858188.1754498,1.0455345304138746,0.01444714817245722
1757858188.2222948,1.0648856598986258,0.020125104352669152
1757858188.2437081,1.066556984720778,0.013133381406462809
1757858188.293122,1.0612944963294175,0.01911515815477228
1757858188.313888,1.057303556202209,0.022113541018880602
1757858188.3651745,1.0570065105364677,0.01670370598178814
1757858188.385181,1.0508592259020497,0.013821416437643721
1757858188.4313796,1.0460166858553428,0.0251772723128258
1757858188.449405,1.0483903241107537,0.02130884330205457
1757858188.4874976,1.0512023244223176,0.01048052973372175
1757858188.5063415,1.0505942166264648,0.0075829356733777805
1757858188.556823,1.0548930409305601,0.010165427738872794
1757858188.5783098,1.0633513487050033,0.01125038290253714
1757858188.622144,1.0506157094206845,0.014658183035905152
1757858188.6433716,1.0465976797004388,0.011269770692374044
1757858188.6920905,1.0496193255968878,0.01350213059369158
1757858188.7077594,1.0517963221006044,0.013882240828846907
1757858188.7636755,1.071738400868195,0.013571086192066815
1757858188.785654,1.069996476842841,0.015283440345133726
1757858188.8317235,1.074100868011309,0.013598898260355211
1757858188.8537326,1.0703569899014616,0.012733536316390888
1757858188.892784,1.0654628870574134,0.015636092403781898
1757858188.917551,1.0508344257912534,0.013248886934017563
1757858188.9525013,1.0269251571458806,0.010642926324632786
1757858188.9707994,1.0329198087315614,0.011493473457731386
1757858189.0163565,1.042914796984804,0.00980726435088985
1757858189.0337424,1.0434223566582324,0.01180818542837526
1757858189.0988464,1.0606687030199864,0.01680493869953479
1757858189.118315,1.0560325232237637,0.01577620058650664
1757858189.1633227,1.0875010811800314,0.016038009757139333
1757858189.186673,1.0922841909618972,0.01361878658788742
1757858189.2334828,1.0456018033614254,0.008158014490813817
1757858189.2529244,1.049889647739723,0.006349031957437853
1757858189.2948985,1.075312036281486,0.012961719168771481
1757858189.3134825,1.0765853598247856,0.009764494901935256
1757858189.3575027,1.0771408901569415,0.016236925347915203
1757858189.3757768,1.076827814321634,0.015906000600630476
1757858189.4254827,1.0610889605456817,0.01154995298034335
1757858189.4448805,1.0572805320538698,0.011240944076478524
1757858189.5059686,1.0948628983714763,0.014444445225618474
1757858189.5280497,1.0944135764236882,0.015199000803450116
1757858189.5670924,1.0970550989762784,0.010309660351727116
1757858189.5893085,1.109987420587491,0.012762688969625768
1757858189.6292832,1.104257467444825,0.011148032212799506
1757858189.6498113,1.1082234280067933,0.02923166847684018
1757858189.6868205,1.1577716335012034,0.011903778000615017
1757858189.7175834,1.1517222961537295,0.01123269279212653
1757858189.7535882,1.148749141776236,0.009454161729935524
1757858189.768636,1.1522427378020117,0.011101627451608474
1757858189.8189945,1.1421630416551378,0.00830651061221656
1757858189.8376968,1.1331932007024794,0.005012398674896485
1757858189.8937688,1.0354221391191345,0.007928425184915485
1757858189.9139006,1.0467815152812756,0.00917531286936557
1757858189.9652326,1.039491401188054,0.006401554635312535
1757858189.985925,1.0262357971842195,0.004443330145848422
1757858190.0349967,1.0517019221825716,0.008623509889280291
1757858190.0529852,1.0551732501250584,0.007999690181411258
1757858190.0881238,1.0274920822059472,0.005245740552563505
1757858190.110924,1.0323638624884355,0.005179897953352399
1757858190.1582005,1.003951294199735,0.0024982719442759446
1757858190.1766684,1.0073610804056472,0.004157226688521938
1757858190.2245982,1.0189579629170007,0.00960106304616192
1757858190.2415473,1.0245406466490612,0.005249544395728046
1757858190.3037455,0.9890444446023807,0.0040202037834734545
1757858190.3273692,0.9875759015261896,0.0036854568965867186
1757858190.3703866,1.0036799020129465,0.007135630085200698
1757858190.3904836,0.9961783058563336,0.011510703773505913
1757858190.4301615,0.9951801488558791,0.003945005293516724
1757858190.448159,0.9900460209994688,0.0023580368270363673
1757858190.4888775,1.0063797815526125,0.009350124462151542
1757858190.5048704,0.999211385080212,0.0081945588694535
1757858190.5548139,0.9965292044779096,0.0053520303638536
1757858190.5718024,0.9950603654926506,0.005537434308350388
1757858190.6195948,0.9871072242759295,0.004270730594790289
1757858190.6413774,0.9930373854596914,0.005365060828660142
1757858190.699383,0.9746765228007043,0.006932955707733729
1757858190.7193344,0.9707877278251467,0.01071546928914343
1757858190.7650878,0.9990122236492242,0.017530272181572833
1757858190.7817025,0.9925133731643012,0.02156635302854732
1757858190.828296,0.9871705528872248,0.0037623979996281006
1757858190.8477137,0.9890915390035139,0.0054114417486131085
1757858190.894861,0.9969601064033324,0.007128139689266846
1757858190.9137216,0.9901339512539766,0.007087788527476594
1757858190.9657006,1.0036495868953534,0.006591883866735228
1757858190.9846768,0.9850022457860711,0.005128831311017575
1757858191.0359728,0.9548390946130044,0.0063433595773419735
1757858191.0534341,0.9558036918217732,0.005603307556086585
1757858191.1018755,0.9616895210420774,0.007284247925405881
1757858191.1254368,0.9629533763115558,0.04225309508791045
1757858191.1580372,1.013019102985376,0.009097749002136625
1757858191.172547,1.0205132342774528,0.005359391571174737
1757858191.225929,1.095065370850002,0.008087449684770247
1757858191.241198,1.1059226033011602,0.00820139861359759
1757858191.2971277,1.1272382208630063,0.006383252887821803
1757858191.318752,1.152329132744827,0.009810324861173421
1757858191.3546414,1.1973257291406154,0.01403843233473802
1757858191.377209,1.1877842008114343,0.007000505430111905
1757858191.440298,1.1988819504168093,0.018744669294431675
1757858191.4671621,1.207445571245416,0.006961498729399429
1757858191.5004897,1.2245598289956168,0.0038400050430675145
1757858191.5227394,1.2247077013471679,0.004104164509650541
1757858191.5707655,1.223277756422493,0.006869122570890758
1757858191.5944197,1.220490630569372,0.006608005800989392
1757858191.6296704,1.2212759322820719,0.00852083057198475
1757858191.6490936,1.2162494833880602,0.004857843485796912
1757858191.6912606,1.1159355310287888,0.0065756964198356105
1757858191.7098224,1.12832265706948,0.007843251403490575
1757858191.7608023,1.0516216511572245,0.022028724231222402
1757858191.7838025,1.0697278518327686,0.032944544574599464
1757858191.8396182,1.1041766008057834,0.004786830835606829
1757858191.859207,1.0892001506056634,0.005177175788924547
1757858191.9039664,1.0375205480268606,0.003510201545744145
1757858191.923679,1.0324454239206073,0.003497220919490625
1757858191.9665587,1.1002324509903216,0.009107482025043037
1757858191.985945,1.0874061984194094,0.007510055886432581
1757858192.0286698,1.0463225270060277,0.007074219244778709
1757858192.0531683,1.0364067646387953,0.004771369304759572
1757858192.0988474,1.177912644044861,0.009224113798908112
1757858192.1179957,1.1792694765978036,0.00627980158461733
1757858192.1513917,1.2173432161077624,0.01641059130619007
1757858192.1666455,1.2062408099603057,0.03728245933563206
1757858192.2392418,1.2309613701092479,0.014368789578568176
1757858192.2572365,1.220481852708595,0.0266771374057823
1757858192.2996066,1.2181442178558457,0.0072568862527560285
1757858192.3221302,1.1909100629275837,0.006044739110239234
1757858192.3762143,1.232504242604544,0.007873707171225895
1757858192.3994145,1.24819208239373,0.00979434675881335
1757858192.4294631,1.2051453418005722,0.0070655995440380495
1757858192.4514682,1.2072326817524066,0.007758755056831091
1757858192.4911947,1.2325659052120996,0.01027567813118051
1757858192.5064352,1.2128292768924642,0.013294095047607092
1757858192.55335,1.2242453048276947,0.04787218332321709
1757858192.5760818,1.2225697221430496,0.07051925747323197
1757858192.636133,1.2541814350476734,0.011337164010831015
1757858192.657592,1.2446360875207727,0.03654083351724097
1757858192.7004135,1.208419747200033,0.0064268382136473375
1757858192.7208688,1.21471022731553,0.007808646682271706
1757858192.7705004,1.1851454785532993,0.00658107844063728
1757858192.7891514,1.182819213948868,0.006872171190470691
1757858192.8260942,1.1781031747917432,0.0272194010537036
1757858192.8394313,1.180845601646149,0.010263720779774341
1757858192.8904305,1.1845877668333777,0.015738702857057224
1757858192.9050212,1.1785336743334855,0.018650568936500595
1757858192.9661307,1.129927467041853,0.004463381932136253
1757858192.98435,1.1393312218251197,0.005125836393847228
1757858193.0350842,1.163882410216197,0.007275282906342601
1757858193.058026,1.1726355464610592,0.0075118853413148
1757858193.0989423,1.1269423877687896,0.017965242614372493
1757858193.1156118,1.1313577992623978,0.01966352450884614
1757858193.1635704,1.1529557325605808,0.027381314196325626
1757858193.1817045,1.146430969900585,0.017500800898841644
1757858193.2285538,1.141937904182342,0.006006403751917439
1757858193.2475522,1.1307647385811,0.008189164205167349
1757858193.2939343,1.1466257285459527,0.008741531135806767
1757858193.3146033,1.1567169099604988,0.010258216309938584
1757858193.3726928,1.1590118348337117,0.00853655222360865
1757858193.3904803,1.1515195743296587,0.010865164423616172
1757858193.43679,1.1966463508062992,0.008872101295380056
1757858193.4577878,1.1950613851882426,0.007171920439509483
1757858193.5036974,1.1772278346012695,0.00894001966067431
1757858193.523161,1.1894115847796538,0.008730983953460697
1757858193.5652542,1.2270106893171242,0.022292253831134718
1757858193.5832322,1.2190225814191527,0.020134303664737556
1757858193.6280308,1.1950502492625508,0.011708255165206991
1757858193.6470246,1.187210916546185,0.0042783265415666984
1757858193.6939363,1.163580236676243,0.014115164338559675
1757858193.7109423,1.1610096862222563,0.017081491596950438
1757858193.7734723,0.9847833638422174,0.010039732579592836
1757858193.7955978,0.9848041716946014,0.010100731113240842
1757858193.8442674,1.019691505188222,0.009719053052667095
1757858193.8676004,1.017339918694686,0.015522832338276926
1757858193.9001653,1.0012772825681917,0.004328597986478141
1757858193.916689,1.0017092631632143,0.004987188170840072
1757858193.9626865,1.025474438565879,0.007036142375463748
1757858193.9817383,1.0218780492021318,0.01750735509137569
1757858194.0323293,1.0055208909634412,0.008846260370933865
1757858194.0607738,0.999965802410437,0.008854045471641037
1757858194.0927703,1.0127311077156935,0.03024583657544465
1757858194.10879,1.006918529403636,0.021164452279346747
1757858194.1741505,0.9955039933042457,0.0063427877754012275
1757858194.19415,1.0137683008021183,0.008208668449013577
1757858194.2346473,1.0286252188477158,0.007629492681645825
1757858194.2572691,1.0224843059110833,0.008403534640999346
1757858194.2997055,1.0532277460527004,0.01149851701655742
1757858194.316683,1.0555222271145381,0.009777311893758335
1757858194.3598592,1.020965866466859,0.00808905660331446
1757858194.3802345,1.0185882917462377,0.007985774853727557
1757858194.4237232,1.0319916234595445,0.04149730584121359
1757858194.4567025,1.043102775107257,0.03921381926326411
1757858194.493341,1.0177373012552495,0.009009897229095598
1757858194.5124028,1.0205381529208029,0.010985126799467091
1757858194.56951,1.0053858277276198,0.002373497419929488
1757858194.5874226,1.0021830573685286,0.002307516207590781
1757858194.6369412,1.0329830472471024,0.018585787298171657
1757858194.6584682,1.050480923833768,0.014881034065253337
1757858194.710353,1.0525313048205378,0.010833157729559529
1757858194.7313228,1.0292425220760164,0.015594252370834586
1757858194.7628565,1.0071823094854462,0.03744831997147411
1757858194.7788517,0.997321002182304,0.040164362599335604
1757858194.829543,1.0588739436495502,0.008910928091516127
1757858194.8499546,1.0613056350206516,0.010014107780211931
1757858194.8914924,1.0074985827439267,0.009436772351084609
1757858194.9106553,1.0114908799216413,0.008486120982995008
1757858194.9704869,1.0260767818700676,0.00521745631560552
